{"cameraMode":{"drawMode":0,"name":"Shaded","section":"Shading Mode"},"sceneLighting":false,"audioPlay":false,"sceneViewState":{"m_AlwaysRefresh":false,"showFog":true,"showSkybox":false,"showFlares":true,"showImageEffects":true,"showParticleSystems":true,"showVisualEffectGraphs":true,"m_FxEnabled":true},"in2DMode":false,"pivot":{"x":68.9550552368164,"y":0.08765411376953125,"z":-1.5558743476867676},"rotation":{"x":-0.1951482594013214,"y":0.029717925935983659,"z":-0.005915830843150616,"w":-0.980306088924408},"size":10.401613235473633,"orthographic":false}