{"cameraMode":{"drawMode":0,"name":"Shaded","section":"Shading Mode"},"sceneLighting":false,"audioPlay":false,"sceneViewState":{"m_AlwaysRefresh":false,"showFog":true,"showSkybox":false,"showFlares":true,"showImageEffects":true,"showParticleSystems":true,"showVisualEffectGraphs":true,"m_FxEnabled":true},"in2DMode":false,"pivot":{"x":-0.021295547485351564,"y":-0.035356760025024417,"z":0.10523724555969238},"rotation":{"x":-0.213359072804451,"y":0.6404868960380554,"z":-0.19182738661766053,"w":-0.7123805284500122},"size":2.7246553897857668,"orthographic":false}