{"cameraMode":{"drawMode":0,"name":"Shaded","section":"Shading Mode"},"sceneLighting":false,"audioPlay":false,"sceneViewState":{"m_AlwaysRefresh":false,"showFog":true,"showSkybox":false,"showFlares":true,"showImageEffects":true,"showParticleSystems":true,"showVisualEffectGraphs":true,"m_FxEnabled":true},"in2DMode":false,"pivot":{"x":0.0020051002502441408,"y":0.0028498172760009767,"z":0.053821682929992679},"rotation":{"x":-0.213359072804451,"y":0.6404868960380554,"z":-0.19182738661766053,"w":-0.7123805284500122},"size":3.9308815002441408,"orthographic":false}